UserId,Continent,Country,City
1,South America,Brazil,Rio de Janeiro
2,North America,USA,New York
3,Europe,Spain,Madrid
4,North America,Mexico,Mexico City
5,Africa,South Africa,Johannesburg
6,Africa,Kenya,Mombasa
7,South America,Argentina,Buenos Aires
8,Australia,New Zealand,Queenstown
9,South America,Brazil,Rio de Janeiro
10,South America,Argentina,Buenos Aires
11,Australia,Australia,Melbourne
12,Asia,India,Jaipur
13,North America,Mexico,Mexico City
14,South America,Chile,Santiago
15,Australia,New Zealand,Auckland
16,Australia,Australia,Melbourne
17,South America,Brazil,Rio de Janeiro
18,Africa,South Africa,Cape Town
19,Africa,Egypt,Cairo
20,Europe,Germany,Berlin
21,South America,Argentina,Buenos Aires
22,Europe,Italy,Rome
23,Europe,France,Nice
24,South America,Chile,Santiago
25,South America,Chile,Santiago
26,South America,Brazil,Sao Paulo
27,North America,Canada,Toronto
28,South America,Argentina,Buenos Aires
29,South America,Argentina,Buenos Aires
30,Australia,New Zealand,Queenstown
31,Europe,Germany,Munich
32,Africa,South Africa,Johannesburg
33,Europe,Germany,Munich
34,Europe,Italy,Venice
35,Australia,Australia,Melbourne
36,Asia,Japan,Tokyo
37,Africa,Kenya,Nairobi
38,Africa,Kenya,Nairobi
39,South America,Brazil,Rio de Janeiro
40,Africa,South Africa,Cape Town
41,Asia,India,Jaipur
42,Asia,Singapore,Singapore
43,Asia,Singapore,Singapore
44,North America,Mexico,Cancun
45,North America,Mexico,Cancun
46,North America,USA,Los Angeles
47,Europe,France,Nice
48,Asia,Singapore,Singapore
49,South America,Argentina,Buenos Aires
50,Asia,Singapore,Singapore
51,Australia,New Zealand,Auckland
52,North America,Canada,Toronto
53,North America,USA,Las Vegas
54,Africa,South Africa,Johannesburg
55,North America,USA,New York
56,Europe,Spain,Madrid
57,Australia,Australia,Sydney
58,Asia,Thailand,Pattaya
59,Europe,Italy,Rome
60,North America,Mexico,Mexico City
61,Asia,Singapore,Singapore
62,Africa,Kenya,Nairobi
63,Africa,South Africa,Cape Town
64,Africa,Egypt,Luxor
65,North America,Mexico,Mexico City
66,South America,Argentina,Buenos Aires
67,Europe,France,Nice
68,Asia,India,Mumbai
69,South America,Argentina,Buenos Aires
70,Australia,Australia,Melbourne
71,Europe,Spain,Barcelona
72,Asia,Thailand,Phuket
73,Asia,India,Delhi
74,North America,Canada,Toronto
75,South America,Brazil,Rio de Janeiro
76,North America,Mexico,Mexico City
77,North America,USA,Los Angeles
78,Africa,Egypt,Cairo
79,Europe,Germany,Munich
80,North America,Canada,Vancouver
81,Asia,Singapore,Singapore
82,Asia,Japan,Tokyo
83,Europe,Germany,Munich
84,Australia,Australia,Melbourne
85,North America,USA,New York
86,Asia,Singapore,Singapore
87,Asia,Thailand,Bangkok
88,Europe,Italy,Venice
89,Africa,Egypt,Cairo
90,North America,Canada,Vancouver
91,Africa,Kenya,Mombasa
92,Australia,New Zealand,Auckland
93,South America,Chile,Santiago
94,North America,Mexico,Cancun
95,Australia,New Zealand,Auckland
96,South America,Argentina,Buenos Aires
97,Australia,New Zealand,Auckland
98,Asia,India,Goa
99,North America,Canada,Vancouver
100,Africa,South Africa,Johannesburg
101,South America,Chile,Santiago
102,South America,Chile,Santiago
103,Europe,Spain,Madrid
104,North America,Mexico,Mexico City
105,Asia,India,Goa
106,Europe,Germany,Berlin
107,North America,USA,New York
108,Europe,Spain,Madrid
109,Australia,New Zealand,Auckland
110,South America,Argentina,Buenos Aires
111,Asia,Singapore,Singapore
112,South America,Brazil,Sao Paulo
113,Asia,Singapore,Singapore
114,Australia,New Zealand,Auckland
115,Africa,South Africa,Cape Town
116,Asia,India,Jaipur
117,North America,Mexico,Mexico City
118,Australia,New Zealand,Auckland
119,South America,Chile,Santiago
120,Asia,Singapore,Singapore
121,South America,Argentina,Buenos Aires
122,South America,Argentina,Buenos Aires
123,North America,Canada,Toronto
124,North America,USA,New York
125,Europe,Germany,Munich
126,Europe,Italy,Venice
127,North America,USA,New York
128,South America,Brazil,Sao Paulo
129,Asia,Japan,Tokyo
130,South America,Chile,Santiago
131,North America,USA,New York
132,South America,Chile,Santiago
133,North America,Canada,Toronto
134,Australia,New Zealand,Queenstown
135,Australia,New Zealand,Auckland
136,North America,Canada,Vancouver
137,North America,Mexico,Mexico City
138,Africa,Kenya,Nairobi
139,South America,Chile,Santiago
140,Asia,India,Goa
141,Africa,South Africa,Johannesburg
142,North America,USA,New York
143,South America,Argentina,Buenos Aires
144,Africa,Kenya,Nairobi
145,Australia,Australia,Melbourne
146,Asia,India,Goa
147,Africa,Egypt,Luxor
148,Africa,South Africa,Cape Town
149,South America,Brazil,Sao Paulo
150,Africa,Egypt,Luxor
151,Asia,Singapore,Singapore
152,North America,Canada,Toronto
153,Europe,Spain,Barcelona
154,Europe,Spain,Barcelona
155,Australia,New Zealand,Queenstown
156,Australia,Australia,Melbourne
157,North America,Canada,Vancouver
158,Europe,France,Nice
159,Asia,India,Jaipur
160,Australia,New Zealand,Auckland
161,Africa,Kenya,Nairobi
162,Europe,Spain,Barcelona
163,Asia,Singapore,Singapore
164,Africa,Kenya,Nairobi
165,Asia,Singapore,Singapore
166,Africa,Egypt,Luxor
167,Australia,New Zealand,Queenstown
168,South America,Chile,Santiago
169,South America,Argentina,Buenos Aires
170,Europe,Germany,Berlin
171,Australia,Australia,Sydney
172,Europe,Spain,Barcelona
173,Africa,Kenya,Mombasa
174,Europe,Italy,Rome
175,South America,Argentina,Buenos Aires
176,Australia,Australia,Melbourne
177,North America,USA,New York
178,Africa,Egypt,Cairo
179,South America,Argentina,Buenos Aires
180,Africa,Kenya,Nairobi
181,North America,Mexico,Mexico City
182,South America,Brazil,Sao Paulo
183,South America,Argentina,Buenos Aires
184,Australia,Australia,Sydney
185,North America,Canada,Toronto
186,Europe,France,Nice
187,Africa,Kenya,Nairobi
188,Asia,Singapore,Singapore
189,Africa,Egypt,Luxor
190,Europe,France,Paris
191,Europe,Germany,Munich
192,Australia,New Zealand,Auckland
193,Africa,Egypt,Cairo
194,Africa,South Africa,Johannesburg
195,Africa,Kenya,Nairobi
196,North America,Canada,Vancouver
197,North America,USA,Los Angeles
198,Asia,India,Mumbai
199,South America,Brazil,Rio de Janeiro
200,Asia,Japan,Kyoto
201,Australia,New Zealand,Auckland
202,South America,Argentina,Buenos Aires
203,Europe,Germany,Berlin
204,South America,Brazil,Sao Paulo
205,Australia,Australia,Sydney
206,Europe,Italy,Venice
207,Africa,Kenya,Mombasa
208,Europe,Italy,Milan
209,Europe,Germany,Berlin
210,Africa,Egypt,Luxor
211,Europe,France,Nice
212,North America,Canada,Toronto
213,South America,Brazil,Rio de Janeiro
214,Africa,South Africa,Cape Town
215,Africa,South Africa,Cape Town
216,Asia,Singapore,Singapore
217,Europe,Spain,Barcelona
218,Africa,Egypt,Luxor
219,Australia,New Zealand,Auckland
220,North America,Canada,Toronto
221,Asia,Japan,Tokyo
222,Europe,Italy,Venice
223,Australia,New Zealand,Auckland
224,Asia,Thailand,Phuket
225,Africa,Kenya,Nairobi
226,North America,USA,New York
227,Africa,Egypt,Cairo
228,South America,Argentina,Buenos Aires
229,Africa,Egypt,Luxor
230,North America,USA,Las Vegas
231,South America,Argentina,Buenos Aires
232,Asia,Thailand,Pattaya
233,Australia,New Zealand,Auckland
234,South America,Brazil,Rio de Janeiro
235,Africa,South Africa,Cape Town
236,North America,USA,Los Angeles
237,Asia,India,Mumbai
238,South America,Brazil,Sao Paulo
239,Africa,South Africa,Cape Town
240,Asia,Singapore,Singapore
241,South America,Brazil,Rio de Janeiro
242,North America,USA,Las Vegas
243,South America,Argentina,Buenos Aires
244,South America,Chile,Santiago
245,Europe,Spain,Barcelona
246,Africa,Egypt,Cairo
247,South America,Brazil,Sao Paulo
248,North America,USA,New York
249,Asia,Thailand,Bangkok
250,Africa,Kenya,Mombasa
251,Australia,Australia,Melbourne
252,Africa,South Africa,Cape Town
253,Africa,South Africa,Cape Town
254,Europe,Spain,Barcelona
255,Asia,Japan,Kyoto
256,South America,Brazil,Rio de Janeiro
257,Australia,Australia,Melbourne
258,Africa,Kenya,Nairobi
259,Europe,Spain,Barcelona
260,Europe,France,Paris
261,Africa,Kenya,Nairobi
262,Africa,Egypt,Luxor
263,South America,Brazil,Rio de Janeiro
264,Asia,India,Goa
265,South America,Argentina,Buenos Aires
266,South America,Chile,Santiago
267,North America,USA,Los Angeles
268,North America,Canada,Vancouver
269,North America,Mexico,Mexico City
270,North America,USA,New York
271,Europe,Germany,Munich
272,Europe,Germany,Munich
273,Africa,South Africa,Cape Town
274,Asia,Thailand,Bangkok
275,South America,Argentina,Buenos Aires
276,Asia,Thailand,Bangkok
277,Asia,Singapore,Singapore
278,Asia,Japan,Tokyo
279,Australia,New Zealand,Queenstown
280,Africa,Egypt,Cairo
281,Africa,Kenya,Nairobi
282,North America,USA,Las Vegas
283,North America,USA,Los Angeles
284,Asia,India,Mumbai
285,Asia,India,Mumbai
286,Australia,Australia,Melbourne
287,Asia,Thailand,Phuket
288,Australia,New Zealand,Queenstown
289,South America,Brazil,Sao Paulo
290,Europe,Germany,Munich
291,Europe,Germany,Munich
292,South America,Argentina,Buenos Aires
293,South America,Brazil,Rio de Janeiro
294,South America,Chile,Santiago
295,Australia,Australia,Sydney
296,Asia,India,Delhi
297,South America,Brazil,Sao Paulo
298,Africa,Egypt,Luxor
299,North America,USA,Los Angeles
300,Europe,Spain,Barcelona
301,Africa,South Africa,Cape Town
302,Europe,Italy,Venice
303,Europe,Spain,Madrid
304,Africa,South Africa,Johannesburg
305,Asia,Japan,Tokyo
306,Europe,Germany,Berlin
307,Asia,Thailand,Bangkok
308,Europe,Spain,Madrid
309,Australia,Australia,Sydney
310,Asia,India,Delhi
311,Europe,France,Paris
312,Asia,India,Goa
313,Australia,New Zealand,Auckland
314,Africa,South Africa,Cape Town
315,Australia,Australia,Sydney
316,Africa,Egypt,Cairo
317,Europe,Italy,Milan
318,Asia,India,Mumbai
319,Asia,Japan,Tokyo
320,North America,USA,New York
321,South America,Argentina,Buenos Aires
322,Asia,India,Goa
323,Europe,Germany,Berlin
324,Europe,Italy,Venice
325,Australia,New Zealand,Auckland
326,North America,Canada,Vancouver
327,Asia,Japan,Tokyo
328,Australia,New Zealand,Auckland
329,Asia,India,Goa
330,Africa,Egypt,Luxor
331,Europe,Spain,Madrid
332,Australia,New Zealand,Queenstown
333,Europe,Italy,Venice
334,Europe,Italy,Venice
335,North America,Mexico,Cancun
336,Europe,Germany,Berlin
337,Australia,Australia,Melbourne
338,South America,Argentina,Buenos Aires
339,Europe,Spain,Madrid
340,Africa,Egypt,Luxor
341,Europe,Germany,Berlin
342,Europe,France,Nice
343,South America,Brazil,Sao Paulo
344,Australia,Australia,Melbourne
345,Africa,Kenya,Nairobi
346,North America,Mexico,Cancun
347,Asia,Thailand,Pattaya
348,North America,Canada,Vancouver
349,South America,Brazil,Rio de Janeiro
350,North America,Mexico,Cancun
351,Europe,France,Nice
352,North America,Mexico,Cancun
353,Africa,Kenya,Mombasa
354,Europe,France,Nice
355,Africa,Kenya,Nairobi
356,Africa,Egypt,Luxor
357,Europe,Italy,Venice
358,Asia,Japan,Kyoto
359,Africa,South Africa,Cape Town
360,Europe,France,Paris
361,Asia,Japan,Osaka
362,Australia,Australia,Sydney
363,Africa,Egypt,Luxor
364,South America,Brazil,Sao Paulo
365,Asia,Thailand,Bangkok
366,South America,Chile,Santiago
367,Australia,New Zealand,Queenstown
368,South America,Chile,Santiago
369,Australia,New Zealand,Queenstown
370,Africa,Kenya,Mombasa
371,North America,Mexico,Cancun
372,North America,Mexico,Cancun
373,Australia,Australia,Sydney
374,South America,Brazil,Sao Paulo
375,Europe,Italy,Milan
376,North America,Mexico,Mexico City
377,Asia,Thailand,Bangkok
378,South America,Argentina,Buenos Aires
379,Asia,India,Jaipur
380,Australia,New Zealand,Queenstown
381,South America,Brazil,Rio de Janeiro
382,Africa,Egypt,Luxor
383,Europe,Spain,Madrid
384,Africa,Kenya,Nairobi
385,South America,Chile,Santiago
386,Australia,New Zealand,Auckland
387,Asia,Singapore,Singapore
388,North America,Canada,Toronto
389,Africa,Kenya,Mombasa
390,Europe,Germany,Munich
391,North America,Mexico,Cancun
392,Australia,Australia,Sydney
393,Asia,India,Mumbai
394,Africa,Kenya,Mombasa
395,South America,Argentina,Buenos Aires
396,North America,Canada,Vancouver
397,Australia,Australia,Melbourne
398,Asia,Thailand,Pattaya
399,North America,Mexico,Mexico City
400,Africa,South Africa,Johannesburg
401,Europe,Germany,Munich
402,North America,Mexico,Mexico City
403,Australia,Australia,Melbourne
404,Australia,Australia,Melbourne
405,Asia,Japan,Osaka
406,North America,Canada,Toronto
407,Africa,Egypt,Luxor
408,Europe,Italy,Milan
409,South America,Brazil,Sao Paulo
410,Asia,Singapore,Singapore
411,Asia,Japan,Kyoto
412,Australia,Australia,Melbourne
413,North America,Mexico,Mexico City
414,Africa,South Africa,Cape Town
415,Asia,Japan,Kyoto
416,Europe,France,Paris
417,Europe,Germany,Munich
418,Africa,Kenya,Mombasa
419,Asia,Thailand,Bangkok
420,Asia,India,Delhi
421,North America,Mexico,Mexico City
422,Australia,Australia,Sydney
423,Australia,Australia,Sydney
424,Africa,Kenya,Mombasa
425,South America,Argentina,Buenos Aires
426,Australia,Australia,Melbourne
427,North America,USA,Los Angeles
428,South America,Chile,Santiago
429,North America,USA,Los Angeles
430,South America,Brazil,Sao Paulo
431,North America,USA,New York
432,Australia,New Zealand,Queenstown
433,North America,USA,New York
434,Africa,South Africa,Cape Town
435,Australia,New Zealand,Queenstown
436,South America,Brazil,Rio de Janeiro
437,Europe,France,Nice
438,Australia,New Zealand,Auckland
439,Africa,Kenya,Nairobi
440,Asia,India,Delhi
441,Asia,Thailand,Pattaya
442,Europe,Italy,Rome
443,North America,Mexico,Cancun
444,Australia,New Zealand,Auckland
445,North America,Canada,Vancouver
446,South America,Chile,Santiago
447,Africa,Egypt,Luxor
448,Australia,Australia,Sydney
449,South America,Brazil,Sao Paulo
450,Asia,India,Delhi
451,Africa,South Africa,Cape Town
452,Asia,Japan,Kyoto
453,Europe,Italy,Rome
454,North America,Canada,Toronto
455,Australia,New Zealand,Auckland
456,South America,Brazil,Sao Paulo
457,South America,Chile,Santiago
458,Africa,Egypt,Cairo
459,South America,Brazil,Sao Paulo
460,North America,Mexico,Cancun
461,North America,Canada,Toronto
462,North America,USA,Las Vegas
463,Australia,New Zealand,Queenstown
464,Australia,New Zealand,Queenstown
465,Europe,Italy,Milan
466,South America,Argentina,Buenos Aires
467,Africa,Kenya,Mombasa
468,Asia,India,Jaipur
469,South America,Chile,Santiago
470,South America,Brazil,Sao Paulo
471,Africa,South Africa,Johannesburg
472,Asia,Singapore,Singapore
473,Europe,France,Nice
474,North America,USA,Los Angeles
475,Asia,Japan,Osaka
476,Asia,Japan,Tokyo
477,Africa,Kenya,Mombasa
478,South America,Argentina,Buenos Aires
479,Asia,India,Jaipur
480,Australia,Australia,Sydney
481,Africa,South Africa,Cape Town
482,Africa,Egypt,Luxor
483,South America,Brazil,Rio de Janeiro
484,Europe,France,Paris
485,South America,Brazil,Sao Paulo
486,North America,Canada,Vancouver
487,Europe,Spain,Barcelona
488,North America,USA,Las Vegas
489,North America,Mexico,Cancun
490,Australia,New Zealand,Auckland
491,South America,Argentina,Buenos Aires
492,Africa,Egypt,Cairo
493,Africa,South Africa,Cape Town
494,Australia,New Zealand,Queenstown
495,Europe,France,Paris
496,Asia,Singapore,Singapore
497,Asia,India,Goa
498,Australia,New Zealand,Queenstown
499,Africa,Egypt,Cairo
500,Asia,Singapore,Singapore
501,Africa,Kenya,Nairobi
502,North America,Mexico,Mexico City
503,North America,Canada,Vancouver
504,Australia,Australia,Sydney
505,Africa,Egypt,Luxor
506,North America,Canada,Toronto
507,Australia,Australia,Sydney
508,Europe,Italy,Venice
509,South America,Brazil,Sao Paulo
510,Australia,New Zealand,Auckland
511,South America,Brazil,Sao Paulo
512,Africa,South Africa,Cape Town
513,North America,Canada,Vancouver
514,North America,Canada,Vancouver
515,South America,Brazil,Rio de Janeiro
516,South America,Argentina,Buenos Aires
517,Africa,Egypt,Cairo
518,North America,Mexico,Cancun
519,Africa,Kenya,Nairobi
520,Africa,South Africa,Cape Town
521,Asia,Singapore,Singapore
522,Europe,Spain,Barcelona
523,Australia,New Zealand,Queenstown
524,Australia,Australia,Melbourne
525,South America,Brazil,Sao Paulo
526,Africa,Kenya,Nairobi
527,Europe,Spain,Barcelona
528,Asia,Thailand,Bangkok
529,North America,USA,Las Vegas
530,South America,Brazil,Sao Paulo
531,Europe,Italy,Rome
532,Africa,South Africa,Johannesburg
533,Europe,Spain,Madrid
534,South America,Brazil,Rio de Janeiro
535,Australia,New Zealand,Queenstown
536,Asia,Japan,Tokyo
537,South America,Chile,Santiago
538,South America,Argentina,Buenos Aires
539,Australia,New Zealand,Queenstown
540,Asia,Japan,Kyoto
541,North America,Canada,Toronto
542,Asia,Japan,Osaka
543,Asia,Japan,Tokyo
544,Europe,France,Paris
545,Asia,Japan,Kyoto
546,North America,Canada,Vancouver
547,Europe,Italy,Rome
548,Africa,Kenya,Nairobi
549,Africa,South Africa,Johannesburg
550,Europe,Germany,Berlin
551,Europe,Germany,Berlin
552,Australia,New Zealand,Auckland
553,Africa,Egypt,Luxor
554,Europe,Germany,Berlin
555,Africa,Kenya,Mombasa
556,Africa,South Africa,Cape Town
557,Australia,Australia,Melbourne
558,Europe,Germany,Berlin
559,Asia,India,Jaipur
560,Europe,France,Paris
561,Europe,France,Nice
562,Australia,New Zealand,Queenstown
563,Europe,Germany,Munich
564,North America,USA,Las Vegas
565,Africa,South Africa,Johannesburg
566,Africa,Egypt,Cairo
567,North America,USA,Las Vegas
568,North America,Canada,Vancouver
569,Australia,New Zealand,Auckland
570,Asia,Japan,Osaka
571,South America,Chile,Santiago
572,North America,Mexico,Cancun
573,Australia,Australia,Sydney
574,North America,Canada,Toronto
575,Europe,Italy,Rome
576,Asia,India,Goa
577,Asia,India,Delhi
578,Africa,South Africa,Johannesburg
579,Europe,France,Paris
580,North America,Mexico,Mexico City
581,Africa,South Africa,Johannesburg
582,Australia,New Zealand,Queenstown
583,North America,USA,Las Vegas
584,North America,USA,New York
585,Asia,Japan,Tokyo
586,Asia,Thailand,Phuket
587,North America,Mexico,Cancun
588,Asia,Thailand,Bangkok
589,Australia,New Zealand,Queenstown
590,Asia,Japan,Tokyo
591,South America,Chile,Santiago
592,North America,Canada,Toronto
593,Africa,Kenya,Nairobi
594,Europe,Germany,Berlin
595,Asia,Thailand,Phuket
596,Africa,Kenya,Mombasa
597,Australia,Australia,Sydney
598,Asia,Thailand,Phuket
599,North America,Mexico,Cancun
600,Europe,Spain,Barcelona
601,South America,Chile,Santiago
602,North America,Canada,Toronto
603,Europe,Spain,Madrid
604,Australia,Australia,Melbourne
605,North America,USA,Los Angeles
606,North America,USA,Las Vegas
607,Europe,Spain,Madrid
608,South America,Chile,Santiago
609,Asia,Singapore,Singapore
610,Africa,Kenya,Nairobi
611,Africa,Kenya,Nairobi
612,Africa,Kenya,Mombasa
613,Australia,New Zealand,Auckland
614,North America,Canada,Vancouver
615,Australia,Australia,Sydney
616,Africa,Egypt,Luxor
617,North America,Mexico,Cancun
618,Australia,New Zealand,Auckland
619,Australia,Australia,Sydney
620,Australia,Australia,Melbourne
621,Asia,Singapore,Singapore
622,South America,Chile,Santiago
623,Asia,Japan,Kyoto
624,Asia,Thailand,Pattaya
625,South America,Brazil,Rio de Janeiro
626,Australia,Australia,Sydney
627,Africa,Kenya,Mombasa
628,Australia,New Zealand,Queenstown
629,Europe,Italy,Rome
630,Asia,Singapore,Singapore
631,Asia,India,Mumbai
632,Asia,Thailand,Bangkok
633,Asia,Singapore,Singapore
634,South America,Chile,Santiago
635,Europe,France,Paris
636,Africa,South Africa,Johannesburg
637,Australia,Australia,Melbourne
638,Australia,New Zealand,Auckland
639,Australia,Australia,Melbourne
640,Asia,Thailand,Pattaya
641,South America,Brazil,Rio de Janeiro
642,Australia,Australia,Sydney
643,Africa,Kenya,Mombasa
644,North America,Canada,Toronto
645,Europe,France,Paris
646,Europe,Spain,Barcelona
647,Australia,Australia,Sydney
648,Australia,Australia,Sydney
649,Asia,India,Jaipur
650,South America,Argentina,Buenos Aires
651,Asia,India,Jaipur
652,Europe,Spain,Barcelona
653,Europe,Italy,Rome
654,North America,Mexico,Mexico City
655,Africa,Egypt,Cairo
656,Asia,India,Goa
657,Australia,Australia,Melbourne
658,North America,USA,Las Vegas
659,North America,USA,New York
660,North America,USA,Los Angeles
661,South America,Argentina,Buenos Aires
662,Asia,Thailand,Bangkok
663,Africa,South Africa,Cape Town
664,Europe,Germany,Munich
665,Australia,New Zealand,Auckland
666,Africa,Kenya,Mombasa
667,Australia,Australia,Melbourne
668,Africa,Egypt,Cairo
669,Asia,Japan,Tokyo
670,Australia,Australia,Sydney
671,Europe,Spain,Barcelona
672,Europe,Germany,Berlin
673,Africa,Egypt,Cairo
674,Australia,New Zealand,Auckland
675,South America,Brazil,Rio de Janeiro
676,North America,USA,New York
677,North America,USA,New York
678,Africa,Kenya,Mombasa
679,North America,Canada,Vancouver
680,Africa,South Africa,Cape Town
681,Europe,France,Paris
682,Europe,Italy,Milan
683,Africa,Kenya,Nairobi
684,Europe,Germany,Munich
685,Australia,Australia,Sydney
686,South America,Chile,Santiago
687,Europe,Germany,Berlin
688,Australia,Australia,Sydney
689,Asia,India,Goa
690,Europe,Germany,Munich
691,Africa,South Africa,Johannesburg
692,Australia,Australia,Melbourne
693,Europe,France,Nice
694,Europe,Spain,Barcelona
695,South America,Chile,Santiago
696,Australia,Australia,Sydney
697,Australia,New Zealand,Queenstown
698,South America,Argentina,Buenos Aires
699,South America,Chile,Santiago
700,Asia,Singapore,Singapore
701,Australia,Australia,Melbourne
702,Australia,Australia,Melbourne
703,Europe,Germany,Berlin
704,Europe,Italy,Venice
705,Africa,South Africa,Cape Town
706,South America,Brazil,Sao Paulo
707,Africa,South Africa,Cape Town
708,Australia,Australia,Sydney
709,North America,Mexico,Mexico City
710,Europe,Italy,Venice
711,Europe,France,Nice
712,Asia,Thailand,Bangkok
713,Asia,Thailand,Pattaya
714,Africa,Egypt,Cairo
715,South America,Argentina,Buenos Aires
716,Australia,New Zealand,Queenstown
717,North America,Mexico,Cancun
718,Asia,Japan,Tokyo
719,Africa,South Africa,Johannesburg
720,Africa,South Africa,Johannesburg
721,Australia,Australia,Sydney
722,Africa,South Africa,Cape Town
723,Asia,Japan,Kyoto
724,Europe,France,Paris
725,Asia,India,Goa
726,South America,Argentina,Buenos Aires
727,South America,Chile,Santiago
728,South America,Argentina,Buenos Aires
729,Asia,India,Delhi
730,Africa,South Africa,Cape Town
731,Australia,New Zealand,Queenstown
732,North America,USA,New York
733,South America,Argentina,Buenos Aires
734,North America,Canada,Toronto
735,Asia,Japan,Kyoto
736,Asia,Japan,Tokyo
737,Australia,New Zealand,Auckland
738,South America,Chile,Santiago
739,Australia,New Zealand,Auckland
740,Africa,Kenya,Mombasa
741,North America,USA,New York
742,Africa,Kenya,Mombasa
743,Europe,Italy,Milan
744,Australia,New Zealand,Auckland
745,Africa,Egypt,Cairo
746,South America,Argentina,Buenos Aires
747,Asia,Singapore,Singapore
748,North America,Canada,Toronto
749,Asia,India,Goa
750,Asia,Japan,Osaka
751,Australia,New Zealand,Queenstown
752,South America,Brazil,Sao Paulo
753,Europe,Germany,Berlin
754,Europe,France,Paris
755,Asia,India,Mumbai
756,Asia,India,Goa
757,Europe,Italy,Milan
758,Europe,Italy,Milan
759,Europe,Italy,Venice
760,Europe,Spain,Barcelona
761,Europe,Spain,Barcelona
762,Asia,Singapore,Singapore
763,North America,USA,Las Vegas
764,North America,Canada,Toronto
765,Australia,Australia,Sydney
766,Asia,Japan,Kyoto
767,South America,Argentina,Buenos Aires
768,South America,Argentina,Buenos Aires
769,North America,Mexico,Cancun
770,North America,Canada,Vancouver
771,Australia,New Zealand,Auckland
772,North America,Mexico,Cancun
773,South America,Argentina,Buenos Aires
774,Australia,Australia,Melbourne
775,Australia,New Zealand,Auckland
776,South America,Brazil,Rio de Janeiro
777,Africa,South Africa,Johannesburg
778,North America,Mexico,Mexico City
779,South America,Brazil,Sao Paulo
780,Africa,South Africa,Cape Town
781,North America,Canada,Vancouver
782,Europe,Spain,Barcelona
783,Africa,Egypt,Cairo
784,North America,Canada,Toronto
785,North America,USA,New York
786,Australia,Australia,Sydney
787,Asia,Thailand,Bangkok
788,Australia,Australia,Sydney
789,Europe,France,Nice
790,South America,Brazil,Sao Paulo
791,South America,Argentina,Buenos Aires
792,South America,Argentina,Buenos Aires
793,Asia,Thailand,Bangkok
794,South America,Argentina,Buenos Aires
795,Africa,Kenya,Mombasa
796,South America,Argentina,Buenos Aires
797,Europe,Germany,Munich
798,Europe,Spain,Madrid
799,Europe,Italy,Rome
800,South America,Chile,Santiago
801,Africa,Kenya,Mombasa
802,Africa,South Africa,Cape Town
803,North America,Canada,Vancouver
804,South America,Argentina,Buenos Aires
805,Europe,Germany,Munich
806,Australia,New Zealand,Auckland
807,Africa,Egypt,Luxor
808,Africa,Egypt,Luxor
809,Australia,New Zealand,Auckland
810,Australia,New Zealand,Auckland
811,Asia,Singapore,Singapore
812,Europe,Spain,Barcelona
813,Asia,Thailand,Bangkok
814,Asia,Singapore,Singapore
815,Europe,Spain,Madrid
816,Africa,South Africa,Cape Town
817,South America,Brazil,Rio de Janeiro
818,North America,Canada,Toronto
819,Australia,New Zealand,Queenstown
820,Europe,France,Nice
821,South America,Argentina,Buenos Aires
822,Asia,India,Delhi
823,South America,Chile,Santiago
824,South America,Brazil,Rio de Janeiro
825,Australia,New Zealand,Queenstown
826,Asia,Thailand,Bangkok
827,Africa,Egypt,Cairo
828,Asia,Singapore,Singapore
829,South America,Chile,Santiago
830,Australia,New Zealand,Auckland
831,Africa,Kenya,Mombasa
832,Europe,France,Paris
833,Africa,Kenya,Nairobi
834,Asia,Thailand,Pattaya
835,Australia,Australia,Sydney
836,North America,USA,New York
837,Asia,Thailand,Phuket
838,South America,Argentina,Buenos Aires
839,South America,Brazil,Sao Paulo
840,North America,Mexico,Mexico City
841,Europe,France,Nice
842,Africa,Egypt,Cairo
843,North America,Canada,Toronto
844,South America,Argentina,Buenos Aires
845,South America,Chile,Santiago
846,Australia,Australia,Melbourne
847,Europe,Italy,Milan
848,Europe,France,Paris
849,Africa,Kenya,Nairobi
850,Australia,Australia,Melbourne
851,Asia,Thailand,Pattaya
852,Europe,Spain,Barcelona
853,Australia,New Zealand,Queenstown
854,Asia,Japan,Osaka
855,Asia,Singapore,Singapore
856,North America,USA,Los Angeles
857,South America,Brazil,Rio de Janeiro
858,North America,Mexico,Mexico City
859,Australia,Australia,Melbourne
860,Africa,Egypt,Luxor
861,Australia,New Zealand,Queenstown
862,Europe,Germany,Munich
863,Asia,India,Delhi
864,Asia,Singapore,Singapore
865,Africa,Egypt,Cairo
866,Africa,South Africa,Cape Town
867,North America,Canada,Toronto
868,Australia,New Zealand,Queenstown
869,Australia,Australia,Melbourne
870,Europe,Italy,Rome
871,Asia,Thailand,Pattaya
872,Africa,South Africa,Cape Town
873,Australia,New Zealand,Auckland
874,Asia,India,Jaipur
875,Asia,Singapore,Singapore
876,Europe,Spain,Madrid
877,Africa,South Africa,Johannesburg
878,Africa,Egypt,Cairo
879,Asia,Singapore,Singapore
880,Asia,Thailand,Phuket
881,Europe,Spain,Madrid
882,Australia,New Zealand,Queenstown
883,Europe,Italy,Rome
884,North America,USA,Los Angeles
885,Europe,Italy,Rome
886,Africa,Kenya,Nairobi
887,South America,Brazil,Sao Paulo
888,Africa,South Africa,Johannesburg
889,South America,Chile,Santiago
890,North America,Mexico,Mexico City
891,Australia,New Zealand,Queenstown
892,North America,Mexico,Cancun
893,Africa,South Africa,Cape Town
894,Africa,South Africa,Cape Town
895,South America,Chile,Santiago
896,North America,Mexico,Mexico City
897,Africa,Egypt,Luxor
898,North America,Canada,Vancouver
899,Africa,Egypt,Luxor
900,Australia,Australia,Sydney
901,South America,Chile,Santiago
902,Europe,Germany,Munich
903,Europe,Italy,Rome
904,Africa,Kenya,Nairobi
905,Australia,Australia,Sydney
906,South America,Argentina,Buenos Aires
907,Africa,South Africa,Cape Town
908,Asia,Japan,Tokyo
909,Europe,Germany,Munich
910,South America,Argentina,Buenos Aires
911,Australia,Australia,Melbourne
912,Africa,Kenya,Nairobi
913,North America,USA,Las Vegas
914,Australia,New Zealand,Auckland
915,Australia,New Zealand,Auckland
916,Europe,France,Paris
917,Europe,Germany,Munich
918,Asia,India,Mumbai
919,Asia,Japan,Osaka
920,Africa,Kenya,Mombasa
921,North America,Mexico,Mexico City
922,Asia,Japan,Osaka
923,South America,Argentina,Buenos Aires
924,Asia,Thailand,Phuket
925,Africa,South Africa,Cape Town
926,North America,Canada,Toronto
927,Africa,Egypt,Luxor
928,Africa,South Africa,Cape Town
929,South America,Chile,Santiago
930,North America,Canada,Toronto
931,Australia,Australia,Sydney
932,Asia,Japan,Tokyo
933,Europe,Germany,Berlin
934,Africa,Kenya,Nairobi
935,Europe,Italy,Rome
936,Asia,India,Jaipur
937,South America,Argentina,Buenos Aires
938,North America,Canada,Vancouver
939,Europe,Germany,Berlin
940,Africa,Kenya,Mombasa
941,Africa,Egypt,Luxor
942,North America,USA,New York
943,North America,Canada,Toronto
944,South America,Brazil,Rio de Janeiro
945,South America,Argentina,Buenos Aires
946,South America,Brazil,Sao Paulo
947,North America,USA,Los Angeles
948,Europe,Spain,Barcelona
949,South America,Brazil,Sao Paulo
950,North America,Canada,Vancouver
951,Europe,Spain,Barcelona
952,Europe,Italy,Rome
953,North America,Canada,Toronto
954,Australia,New Zealand,Queenstown
955,Australia,New Zealand,Queenstown
956,South America,Brazil,Rio de Janeiro
957,Africa,South Africa,Cape Town
958,Asia,Thailand,Phuket
959,Australia,New Zealand,Auckland
960,South America,Brazil,Sao Paulo
961,South America,Chile,Santiago
962,Australia,Australia,Sydney
963,South America,Chile,Santiago
964,Australia,Australia,Melbourne
965,South America,Brazil,Rio de Janeiro
966,Australia,Australia,Melbourne
967,Australia,New Zealand,Queenstown
968,Asia,India,Goa
969,South America,Argentina,Buenos Aires
970,South America,Argentina,Buenos Aires
971,Africa,Kenya,Mombasa
972,Asia,Thailand,Phuket
973,Africa,Kenya,Nairobi
974,Africa,Kenya,Nairobi
975,Asia,India,Delhi
976,North America,Mexico,Mexico City
977,Australia,Australia,Melbourne
978,South America,Argentina,Buenos Aires
979,Australia,Australia,Melbourne
980,North America,Mexico,Mexico City
981,South America,Brazil,Sao Paulo
982,Europe,Germany,Berlin
983,Asia,Japan,Kyoto
984,Europe,France,Paris
985,Australia,New Zealand,Queenstown
986,Australia,New Zealand,Queenstown
987,North America,Mexico,Mexico City
988,Australia,Australia,Sydney
989,Africa,South Africa,Johannesburg
990,North America,Canada,Toronto
991,Europe,Italy,Venice
992,Europe,France,Nice
993,Asia,India,Mumbai
994,Asia,Singapore,Singapore
995,Australia,Australia,Melbourne
996,Australia,New Zealand,Auckland
997,South America,Chile,Santiago
998,North America,USA,Los Angeles
999,Asia,India,Delhi
1000,Europe,Germany,Berlin
